{"cameraMode":{"drawMode":0,"name":"Shaded","section":"Shading Mode"},"sceneLighting":false,"audioPlay":false,"sceneViewState":{"m_AlwaysRefresh":false,"showFog":true,"showSkybox":false,"showFlares":true,"showImageEffects":true,"showParticleSystems":true,"showVisualEffectGraphs":true,"m_FxEnabled":true},"in2DMode":false,"pivot":{"x":-0.6691175103187561,"y":0.830294132232666,"z":-3.9863128662109377},"rotation":{"x":-0.003864307189360261,"y":0.9863383173942566,"z":-0.16303230822086335,"w":-0.023379571735858918},"size":1.74983549118042,"orthographic":false}