{"cameraMode":{"drawMode":0,"name":"Shaded","section":"Shading Mode"},"sceneLighting":true,"audioPlay":false,"sceneViewState":{"m_AlwaysRefresh":false,"showFog":true,"showSkybox":true,"showFlares":true,"showImageEffects":true,"showParticleSystems":true,"showVisualEffectGraphs":true,"m_FxEnabled":true},"in2DMode":false,"pivot":{"x":535.2722778320313,"y":262.2738037109375,"z":3.1020498275756838},"rotation":{"x":0.34693774580955508,"y":0.005622947588562965,"z":-0.002079316880553961,"w":0.9378732442855835},"size":302.41363525390627,"orthographic":false}